{
  "dashboard":
{
  "__inputs": [
    {
      "name": "DS_INFLUX",
      "label": "influx",
      "description": "",
      "type": "datasource",
      "pluginId": "influxdb",
      "pluginName": "InfluxDB"
    }
  ],
  "__requires": [
    {
      "type": "panel",
      "id": "graph",
      "name": "Graph",
      "version": ""
    },
    {
      "type": "grafana",
      "id": "grafana",
      "name": "Grafana",
      "version": "3.1.1"
    },
    {
      "type": "datasource",
      "id": "influxdb",
      "name": "InfluxDB",
      "version": "1.0.0"
    }
  ],
  "id": null,
  "title": "Datacenter Fabric",
  "tags": [],
  "style": "dark",
  "timezone": "browser",
  "editable": true,
  "hideControls": false,
  "sharedCrosshair": true,
  "rows": [
    {
      "collapse": false,
      "editable": true,
      "height": "250px",
      "panels": [
        {
          "aliasColors": {},
          "bars": false,
          "datasource": "influx",
          "editable": true,
          "error": false,
          "fill": 0,
          "grid": {
            "threshold1": null,
            "threshold1Color": "rgba(216, 200, 27, 0.27)",
            "threshold2": null,
            "threshold2Color": "rgba(234, 112, 112, 0.22)"
          },
          "id": 1,
          "isNew": true,
          "legend": {
            "alignAsTable": false,
            "avg": true,
            "current": false,
            "max": false,
            "min": false,
            "rightSide": false,
            "show": true,
            "total": false,
            "values": true
          },
          "lines": true,
          "linewidth": 1,
          "links": [],
          "nullPointMode": "connected",
          "percentage": false,
          "pointradius": 5,
          "points": false,
          "renderer": "flot",
          "seriesOverrides": [],
          "span": 6,
          "stack": false,
          "steppedLine": false,
          "targets": [
            {
              "alias": "$tag_host",
              "dsType": "influxdb",
              "groupBy": [
                {
                  "params": [
                    "5m"
                  ],
                  "type": "time"
                },
                {
                  "params": [
                    "host"
                  ],
                  "type": "tag"
                }
              ],
              "measurement": "cpu",
              "policy": "default",
              "refId": "A",
              "resultFormat": "time_series",
              "select": [
                [
                  {
                    "params": [
                      "usage_system"
                    ],
                    "type": "field"
                  },
                  {
                    "params": [],
                    "type": "mean"
                  }
                ]
              ],
              "tags": [
                {
                  "key": "host",
                  "operator": "=~",
                  "value": "/^$network$/"
                }
              ]
            }
          ],
          "timeFrom": null,
          "timeShift": null,
          "title": "CPU Utilization",
          "tooltip": {
            "msResolution": true,
            "shared": true,
            "sort": 0,
            "value_type": "cumulative"
          },
          "type": "graph",
          "xaxis": {
            "show": true
          },
          "yaxes": [
            {
              "format": "percent",
              "label": null,
              "logBase": 1,
              "max": null,
              "min": null,
              "show": true
            },
            {
              "format": "short",
              "label": null,
              "logBase": 1,
              "max": null,
              "min": null,
              "show": false
            }
          ]
        },
        {
          "aliasColors": {},
          "bars": false,
          "datasource": "influx",
          "editable": true,
          "error": false,
          "fill": 0,
          "grid": {
            "threshold1": null,
            "threshold1Color": "rgba(216, 200, 27, 0.27)",
            "threshold2": null,
            "threshold2Color": "rgba(234, 112, 112, 0.22)"
          },
          "id": 2,
          "isNew": true,
          "legend": {
            "avg": false,
            "current": true,
            "max": false,
            "min": false,
            "show": true,
            "total": false,
            "values": true
          },
          "lines": true,
          "linewidth": 2,
          "links": [],
          "nullPointMode": "connected",
          "percentage": false,
          "pointradius": 5,
          "points": false,
          "renderer": "flot",
          "seriesOverrides": [],
          "span": 6,
          "stack": false,
          "steppedLine": false,
          "targets": [
            {
              "alias": "$tag_host",
              "dsType": "influxdb",
              "groupBy": [
                {
                  "params": [
                    "5m"
                  ],
                  "type": "time"
                },
                {
                  "params": [
                    "host"
                  ],
                  "type": "tag"
                },
                {
                  "params": [
                    "null"
                  ],
                  "type": "fill"
                }
              ],
              "measurement": "mem",
              "policy": "default",
              "refId": "A",
              "resultFormat": "time_series",
              "select": [
                [
                  {
                    "params": [
                      "used_percent"
                    ],
                    "type": "field"
                  },
                  {
                    "params": [],
                    "type": "mean"
                  }
                ]
              ],
              "tags": [
                {
                  "key": "host",
                  "operator": "=~",
                  "value": "/^$network$/"
                }
              ]
            }
          ],
          "timeFrom": null,
          "timeShift": null,
          "title": "Memory Utilization",
          "tooltip": {
            "msResolution": false,
            "shared": true,
            "sort": 0,
            "value_type": "cumulative"
          },
          "type": "graph",
          "xaxis": {
            "show": true
          },
          "yaxes": [
            {
              "format": "percent",
              "label": null,
              "logBase": 1,
              "max": null,
              "min": null,
              "show": true
            },
            {
              "format": "short",
              "label": null,
              "logBase": 1,
              "max": null,
              "min": null,
              "show": false
            }
          ]
        }
      ],
      "title": "Row"
    },
    {
      "collapse": false,
      "editable": true,
      "height": "250px",
      "panels": [
        {
          "aliasColors": {},
          "bars": false,
          "datasource": "influx",
          "editable": true,
          "error": false,
          "fill": 0,
          "grid": {
            "threshold1": null,
            "threshold1Color": "rgba(216, 200, 27, 0.27)",
            "threshold2": null,
            "threshold2Color": "rgba(234, 112, 112, 0.22)"
          },
          "id": 4,
          "isNew": true,
          "legend": {
            "avg": false,
            "current": false,
            "max": false,
            "min": false,
            "show": true,
            "total": false,
            "values": false
          },
          "lines": true,
          "linewidth": 2,
          "links": [],
          "nullPointMode": "connected",
          "percentage": false,
          "pointradius": 5,
          "points": false,
          "renderer": "flot",
          "seriesOverrides": [],
          "span": 4,
          "stack": false,
          "steppedLine": false,
          "targets": [
            {
              "dsType": "influxdb",
              "groupBy": [
                {
                  "params": [
                    "path"
                  ],
                  "type": "tag"
                },
                {
                  "params": [
                    "host"
                  ],
                  "type": "tag"
                }
              ],
              "measurement": "disk",
              "policy": "default",
              "refId": "A",
              "resultFormat": "time_series",
              "select": [
                [
                  {
                    "params": [
                      "used_percent"
                    ],
                    "type": "field"
                  }
                ]
              ],
              "tags": [
                {
                  "key": "host",
                  "operator": "=~",
                  "value": "/^$network$/"
                },
                {
                  "condition": "AND",
                  "key": "path",
                  "operator": "=",
                  "value": "/"
                }
              ]
            }
          ],
          "timeFrom": null,
          "timeShift": null,
          "title": "Disk Utilization",
          "tooltip": {
            "msResolution": false,
            "shared": true,
            "sort": 0,
            "value_type": "cumulative"
          },
          "type": "graph",
          "xaxis": {
            "show": true
          },
          "yaxes": [
            {
              "format": "percent",
              "label": null,
              "logBase": 1,
              "max": null,
              "min": null,
              "show": true
            },
            {
              "format": "short",
              "label": null,
              "logBase": 1,
              "max": null,
              "min": null,
              "show": true
            }
          ]
        },
        {
          "aliasColors": {},
          "bars": false,
          "datasource": "influx",
          "editable": true,
          "error": false,
          "fill": 0,
          "grid": {
            "threshold1": null,
            "threshold1Color": "rgba(216, 200, 27, 0.27)",
            "threshold2": null,
            "threshold2Color": "rgba(234, 112, 112, 0.22)",
            "thresholdLine": false
          },
          "id": 5,
          "isNew": true,
          "legend": {
            "alignAsTable": false,
            "avg": false,
            "current": true,
            "max": false,
            "min": false,
            "show": false,
            "total": false,
            "values": true
          },
          "lines": true,
          "linewidth": 1,
          "links": [],
          "nullPointMode": "connected",
          "percentage": true,
          "pointradius": 2,
          "points": false,
          "renderer": "flot",
          "seriesOverrides": [],
          "span": 4,
          "stack": false,
          "steppedLine": false,
          "targets": [
            {
              "dsType": "influxdb",
              "groupBy": [
                {
                  "params": [
                    "remote"
                  ],
                  "type": "tag"
                },
                {
                  "params": [
                    "host"
                  ],
                  "type": "tag"
                }
              ],
              "measurement": "ntpq",
              "policy": "default",
              "refId": "A",
              "resultFormat": "time_series",
              "select": [
                [
                  {
                    "params": [
                      "reach"
                    ],
                    "type": "field"
                  }
                ]
              ],
              "tags": [
                {
                  "key": "host",
                  "operator": "=~",
                  "value": "/^$network$/"
                }
              ]
            }
          ],
          "timeFrom": null,
          "timeShift": null,
          "title": "NTP Peer Reachability",
          "tooltip": {
            "msResolution": true,
            "shared": true,
            "sort": 0,
            "value_type": "cumulative"
          },
          "type": "graph",
          "xaxis": {
            "show": true
          },
          "yaxes": [
            {
              "format": "short",
              "label": "Reachability (Octal)",
              "logBase": 1,
              "max": 400,
              "min": 0,
              "show": true
            },
            {
              "format": "short",
              "label": null,
              "logBase": 1,
              "max": null,
              "min": null,
              "show": false
            }
          ]
        }
      ],
      "title": "New row"
    },
    {
      "collapse": false,
      "editable": true,
      "height": "250px",
      "panels": [
        {
          "aliasColors": {},
          "bars": false,
          "datasource": "influx",
          "editable": true,
          "error": false,
          "fill": 1,
          "grid": {
            "threshold1": null,
            "threshold1Color": "rgba(216, 200, 27, 0.27)",
            "threshold2": null,
            "threshold2Color": "rgba(234, 112, 112, 0.22)"
          },
          "id": 3,
          "isNew": true,
          "legend": {
            "avg": false,
            "current": false,
            "max": false,
            "min": false,
            "show": true,
            "total": false,
            "values": false
          },
          "lines": true,
          "linewidth": 2,
          "links": [],
          "nullPointMode": "null as zero",
          "percentage": false,
          "pointradius": 5,
          "points": false,
          "renderer": "flot",
          "seriesOverrides": [],
          "span": 12,
          "stack": false,
          "steppedLine": false,
          "targets": [
            {
              "alias": "swp1 Avg Hello Rx",
              "dsType": "influxdb",
              "groupBy": [
                {
                  "params": [
                    "$interval"
                  ],
                  "type": "time"
                },
                {
                  "params": [
                    "null"
                  ],
                  "type": "fill"
                }
              ],
              "hide": false,
              "policy": "default",
              "query": "SELECT derivative(\"keepalivesRecv\", 1s) FROM \"bgpstat\" WHERE \"host\" = 'leaf1' AND \"peer\" = 'swp1' AND $timeFilter GROUP BY \"host\"",
              "rawQuery": true,
              "refId": "A",
              "resultFormat": "time_series",
              "select": [
                [
                  {
                    "params": [
                      "value"
                    ],
                    "type": "field"
                  },
                  {
                    "params": [],
                    "type": "mean"
                  }
                ]
              ],
              "tags": []
            },
            {
              "alias": "swp1 Avg Hello Tx",
              "dsType": "influxdb",
              "groupBy": [
                {
                  "params": [
                    "$interval"
                  ],
                  "type": "time"
                },
                {
                  "params": [
                    "null"
                  ],
                  "type": "fill"
                }
              ],
              "hide": false,
              "policy": "default",
              "query": "SELECT derivative(\"keepalivesSent\", 1s) FROM \"bgpstat\" WHERE \"host\" = 'leaf1' AND \"peer\" = 'swp1' AND $timeFilter GROUP BY \"host\"",
              "rawQuery": true,
              "refId": "B",
              "resultFormat": "time_series",
              "select": [
                [
                  {
                    "params": [
                      "value"
                    ],
                    "type": "field"
                  },
                  {
                    "params": [],
                    "type": "mean"
                  }
                ]
              ],
              "tags": []
            },
            {
              "alias": "swp1 Avg Updates Rx",
              "dsType": "influxdb",
              "groupBy": [
                {
                  "params": [
                    "$interval"
                  ],
                  "type": "time"
                },
                {
                  "params": [
                    "null"
                  ],
                  "type": "fill"
                }
              ],
              "policy": "default",
              "query": "SELECT derivative(\"updatesRecv\", 1s) FROM \"bgpstat\" WHERE \"host\" = 'leaf1' AND \"peer\" = 'swp1' AND $timeFilter GROUP BY \"host\"",
              "rawQuery": true,
              "refId": "D",
              "resultFormat": "time_series",
              "select": [
                [
                  {
                    "params": [
                      "value"
                    ],
                    "type": "field"
                  },
                  {
                    "params": [],
                    "type": "mean"
                  }
                ]
              ],
              "tags": []
            },
            {
              "alias": "swp1 Avg Updates Tx",
              "dsType": "influxdb",
              "groupBy": [
                {
                  "params": [
                    "$interval"
                  ],
                  "type": "time"
                },
                {
                  "params": [
                    "null"
                  ],
                  "type": "fill"
                }
              ],
              "policy": "default",
              "query": "SELECT derivative(\"updatesSent\", 1s) FROM \"bgpstat\" WHERE \"host\" = 'leaf1' AND \"peer\" = 'swp1' AND $timeFilter GROUP BY \"host\"",
              "rawQuery": true,
              "refId": "E",
              "resultFormat": "time_series",
              "select": [
                [
                  {
                    "params": [
                      "value"
                    ],
                    "type": "field"
                  },
                  {
                    "params": [],
                    "type": "mean"
                  }
                ]
              ],
              "tags": []
            },
            {
              "alias": "swp1 Avg Notifications Rx",
              "dsType": "influxdb",
              "groupBy": [
                {
                  "params": [
                    "$interval"
                  ],
                  "type": "time"
                },
                {
                  "params": [
                    "null"
                  ],
                  "type": "fill"
                }
              ],
              "policy": "default",
              "query": "SELECT derivative(\"notificationsRecv\", 1s) FROM \"bgpstat\" WHERE \"host\" = 'leaf1' AND \"peer\" = 'swp1' AND $timeFilter GROUP BY \"host\"",
              "rawQuery": true,
              "refId": "F",
              "resultFormat": "time_series",
              "select": [
                [
                  {
                    "params": [
                      "value"
                    ],
                    "type": "field"
                  },
                  {
                    "params": [],
                    "type": "mean"
                  }
                ]
              ],
              "tags": []
            },
            {
              "alias": "swp1 Avg Notifications Tx",
              "dsType": "influxdb",
              "groupBy": [
                {
                  "params": [
                    "$interval"
                  ],
                  "type": "time"
                },
                {
                  "params": [
                    "null"
                  ],
                  "type": "fill"
                }
              ],
              "policy": "default",
              "query": "SELECT derivative(\"notificationsSent\", 1s) FROM \"bgpstat\" WHERE \"host\" = 'leaf1' AND \"peer\" = 'swp1' AND $timeFilter GROUP BY \"host\"",
              "rawQuery": true,
              "refId": "C",
              "resultFormat": "time_series",
              "select": [
                [
                  {
                    "params": [
                      "value"
                    ],
                    "type": "field"
                  },
                  {
                    "params": [],
                    "type": "mean"
                  }
                ]
              ],
              "tags": []
            }
          ],
          "timeFrom": null,
          "timeShift": null,
          "title": "Leaf 1 swp1 Peer Stats",
          "tooltip": {
            "msResolution": false,
            "shared": true,
            "sort": 0,
            "value_type": "cumulative"
          },
          "type": "graph",
          "xaxis": {
            "show": true
          },
          "yaxes": [
            {
              "format": "short",
              "label": null,
              "logBase": 1,
              "max": null,
              "min": null,
              "show": true
            },
            {
              "format": "short",
              "label": null,
              "logBase": 1,
              "max": null,
              "min": null,
              "show": true
            }
          ]
        }
      ],
      "title": "New row"
    },
    {
      "collapse": false,
      "editable": true,
      "height": "250px",
      "panels": [
        {
          "title": "Leaf Bandwidth Utilization",
          "error": false,
          "span": 6,
          "editable": true,
          "type": "graph",
          "isNew": true,
          "id": 6,
          "targets": [
            {
              "policy": "default",
              "dsType": "influxdb",
              "resultFormat": "time_series",
              "tags": [
                {
                  "key": "host",
                  "operator": "=~",
                  "value": "/^$leafs$/"
                },
                {
                  "condition": "AND",
                  "key": "interface",
                  "operator": "=~",
                  "value": "/^$interfaces$/"
                }
              ],
              "groupBy": [
                {
                  "type": "tag",
                  "params": [
                    "host"
                  ]
                },
                {
                  "type": "tag",
                  "params": [
                    "interface"
                  ]
                }
              ],
              "select": [
                [
                  {
                    "type": "field",
                    "params": [
                      "bytes_sent"
                    ]
                  },
                  {
                    "type": "derivative",
                    "params": [
                      "1s"
                    ]
                  }
                ]
              ],
              "refId": "A",
              "measurement": "net",
              "query": "SELECT derivative(\"bytes_sent\", 1s) FROM \"net\" WHERE \"host\" = 'leaf1' AND \"interface\" =~ /^$interfaces$/",
              "rawQuery": false,
              "alias": "Tx $tag_host:$tag_interface",
              "hide": false
            },
            {
              "policy": "default",
              "dsType": "influxdb",
              "resultFormat": "time_series",
              "tags": [
                {
                  "key": "host",
                  "operator": "=~",
                  "value": "/^$leafs$/"
                },
                {
                  "condition": "AND",
                  "key": "interface",
                  "operator": "=~",
                  "value": "/^$interfaces$/"
                }
              ],
              "groupBy": [
                {
                  "type": "tag",
                  "params": [
                    "host"
                  ]
                },
                {
                  "type": "tag",
                  "params": [
                    "interface"
                  ]
                }
              ],
              "select": [
                [
                  {
                    "type": "field",
                    "params": [
                      "bytes_recv"
                    ]
                  },
                  {
                    "type": "derivative",
                    "params": [
                      "1s"
                    ]
                  }
                ]
              ],
              "refId": "B",
              "measurement": "net",
              "query": "SELECT derivative(\"bytes_recv\", 1s) FROM \"net\" WHERE \"host\" =~ /^$leafs$/ AND \"interface\" =~ /^$interfaces$/ AND $timeFilter GROUP BY \"host\", \"interface\"",
              "rawQuery": true,
              "alias": "Rx $tag_host:$tag_interface",
              "hide": false
            }
          ],
          "datasource": "influx",
          "renderer": "flot",
          "yaxes": [
            {
              "label": "",
              "show": false,
              "logBase": 1,
              "min": null,
              "max": null,
              "format": "bps"
            },
            {
              "label": null,
              "show": false,
              "logBase": 1,
              "min": null,
              "max": null,
              "format": "short"
            }
          ],
          "xaxis": {
            "show": true
          },
          "grid": {
            "threshold1": null,
            "threshold2": null,
            "threshold1Color": "rgba(216, 200, 27, 0.27)",
            "threshold2Color": "rgba(234, 112, 112, 0.22)",
            "thresholdLine": false
          },
          "lines": true,
          "fill": 1,
          "linewidth": 1,
          "points": false,
          "pointradius": 5,
          "bars": false,
          "stack": false,
          "percentage": false,
          "legend": {
            "show": true,
            "values": false,
            "min": false,
            "max": false,
            "current": false,
            "total": false,
            "avg": false
          },
          "nullPointMode": "connected",
          "steppedLine": false,
          "tooltip": {
            "value_type": "cumulative",
            "shared": true,
            "sort": 0,
            "msResolution": true
          },
          "timeFrom": null,
          "timeShift": null,
          "aliasColors": {},
          "seriesOverrides": [
            {
              "alias": "/^Rx*/",
              "transform": "negative-Y"
            }
          ],
          "links": [],
          "repeat": null
        },
        {
          "title": "Spine Bandwidth Utilization",
          "error": false,
          "span": 6,
          "editable": true,
          "type": "graph",
          "isNew": true,
          "id": 8,
          "targets": [
            {
              "policy": "default",
              "dsType": "influxdb",
              "resultFormat": "time_series",
              "tags": [
                {
                  "key": "host",
                  "operator": "=~",
                  "value": "/^$spines$/"
                },
                {
                  "condition": "AND",
                  "key": "interface",
                  "operator": "=~",
                  "value": "/^$interfaces$/"
                }
              ],
              "groupBy": [
                {
                  "type": "tag",
                  "params": [
                    "host"
                  ]
                },
                {
                  "type": "tag",
                  "params": [
                    "interface"
                  ]
                }
              ],
              "select": [
                [
                  {
                    "type": "field",
                    "params": [
                      "bytes_sent"
                    ]
                  },
                  {
                    "type": "derivative",
                    "params": [
                      "1s"
                    ]
                  }
                ]
              ],
              "refId": "A",
              "measurement": "net",
              "query": "SELECT derivative(\"bytes_sent\", 1s) FROM \"net\" WHERE \"host\" = 'leaf1' AND \"interface\" =~ /^$interfaces$/",
              "rawQuery": false,
              "alias": "Tx $tag_host:$tag_interface",
              "hide": false
            },
            {
              "policy": "default",
              "dsType": "influxdb",
              "resultFormat": "time_series",
              "tags": [
                {
                  "key": "host",
                  "operator": "=~",
                  "value": "/^$spines$/"
                },
                {
                  "condition": "AND",
                  "key": "interface",
                  "operator": "=~",
                  "value": "/^$interfaces$/"
                }
              ],
              "groupBy": [
                {
                  "type": "tag",
                  "params": [
                    "host"
                  ]
                },
                {
                  "type": "tag",
                  "params": [
                    "interface"
                  ]
                }
              ],
              "select": [
                [
                  {
                    "type": "field",
                    "params": [
                      "bytes_recv"
                    ]
                  },
                  {
                    "type": "derivative",
                    "params": [
                      "1s"
                    ]
                  }
                ]
              ],
              "refId": "B",
              "measurement": "net",
              "query": "SELECT derivative(\"bytes_recv\", 1s) FROM \"net\" WHERE \"host\" =~ /^$leafs$/ AND \"interface\" =~ /^$interfaces$/ AND $timeFilter GROUP BY \"host\", \"interface\"",
              "rawQuery": false,
              "alias": "Rx $tag_host:$tag_interface",
              "hide": false
            }
          ],
          "datasource": "influx",
          "renderer": "flot",
          "yaxes": [
            {
              "label": null,
              "show": false,
              "logBase": 1,
              "min": null,
              "max": null,
              "format": "bps"
            },
            {
              "label": null,
              "show": false,
              "logBase": 1,
              "min": null,
              "max": null,
              "format": "short"
            }
          ],
          "xaxis": {
            "show": true
          },
          "grid": {
            "threshold1": null,
            "threshold2": null,
            "threshold1Color": "rgba(216, 200, 27, 0.27)",
            "threshold2Color": "rgba(234, 112, 112, 0.22)",
            "thresholdLine": false
          },
          "lines": true,
          "fill": 1,
          "linewidth": 1,
          "points": false,
          "pointradius": 5,
          "bars": false,
          "stack": false,
          "percentage": false,
          "legend": {
            "show": true,
            "values": false,
            "min": false,
            "max": false,
            "current": false,
            "total": false,
            "avg": false
          },
          "nullPointMode": "connected",
          "steppedLine": false,
          "tooltip": {
            "value_type": "cumulative",
            "shared": true,
            "sort": 0,
            "msResolution": true
          },
          "timeFrom": null,
          "timeShift": null,
          "aliasColors": {},
          "seriesOverrides": [
            {
              "alias": "/^Rx*/",
              "transform": "negative-Y"
            }
          ],
          "links": []
        }
      ],
      "title": "New row"
    }
  ],
  "time": {
    "from": "now-3h",
    "to": "now"
  },
  "timepicker": {
    "refresh_intervals": [
      "5s",
      "10s",
      "30s",
      "1m",
      "5m",
      "15m",
      "30m",
      "1h",
      "2h",
      "1d"
    ],
    "time_options": [
      "5m",
      "15m",
      "1h",
      "6h",
      "12h",
      "24h",
      "2d",
      "7d",
      "30d"
    ]
  },
  "templating": {
    "list": [
      {
        "current": {},
        "datasource": "influx",
        "hide": 0,
        "includeAll": false,
        "multi": true,
        "name": "leafs",
        "options": [],
        "query": "show tag values from cpu with key = \"host\" where role = 'leaf'\t",
        "refresh": 1,
        "regex": "",
        "type": "query"
      },
      {
        "current": {},
        "datasource": "influx",
        "hide": 0,
        "includeAll": false,
        "multi": true,
        "name": "spines",
        "options": [],
        "query": "show tag values from cpu with key = \"host\" where role = 'spine'\t",
        "refresh": 1,
        "regex": "",
        "type": "query"
      },
      {
        "current": {},
        "datasource": "influx",
        "hide": 0,
        "includeAll": false,
        "multi": true,
        "name": "network",
        "options": [],
        "query": "show tag values from cpu with key = \"host\" where role = 'leaf'\tor role = 'spine'",
        "refresh": 1,
        "regex": "",
        "type": "query"
      },
      {
        "current": {},
        "datasource": "influx",
        "hide": 0,
        "includeAll": false,
        "multi": true,
        "name": "interfaces",
        "options": [],
        "query": "show tag values from net with key in (interface) where interface =~ /^swp*/",
        "refresh": 1,
        "regex": "",
        "type": "query"
      },
      {
        "current": {},
        "datasource": "influx",
        "hide": 2,
        "includeAll": false,
        "multi": true,
        "name": "ntp_peer",
        "options": [],
        "query": "show tag values from ntpq with key = \"remote\"",
        "refresh": 1,
        "regex": "",
        "type": "query"
      }
    ]
  },
  "annotations": {
    "list": []
  },
  "refresh": false,
  "schemaVersion": 12,
  "version": 2,
  "links": [],
  "gnetId": null
}
}