{
  "overwrite": true,
  "dashboard":
{
  "id": null,
  "title": "Main Dashboard",
  "originalTitle": "Main Dashboard",
  "tags": [],
  "style": "dark",
  "timezone": "browser",
  "editable": true,
  "hideControls": false,
  "sharedCrosshair": true,
  "rows": [
    {
      "collapse": false,
      "editable": true,
      "height": "40px",
      "panels": [
        {
          "content": "### BGP FABRIC WIDE FAILURE DETECTION\nThis set of graphs detects BGP Misconfigurations in the network.  _BGP Flaps_ are best detected by parsing logs.\n\nConvert logs into influxdb event annotations using _Fluentd_ then send the results to _Influxdb_.",
          "editable": true,
          "error": false,
          "height": "",
          "id": 3,
          "isNew": true,
          "links": [],
          "mode": "markdown",
          "span": 12,
          "style": {},
          "title": "",
          "transparent": false,
          "type": "text"
        }
      ],
      "title": "BGP Fabric Failure Detection Help"
    },
    {
      "collapse": false,
      "editable": true,
      "height": "250px",
      "panels": [
        {
          "cacheTimeout": null,
          "colorBackground": false,
          "colorValue": true,
          "colors": [
            "rgb(218, 216, 216)",
            "rgba(237, 129, 40, 0.89)",
            "rgba(50, 172, 45, 0.97)"
          ],
          "datasource": null,
          "editable": true,
          "error": false,
          "format": "none",
          "id": 1,
          "interval": null,
          "isNew": true,
          "links": [],
          "maxDataPoints": 100,
          "nullPointMode": "connected",
          "nullText": null,
          "postfix": "",
          "postfixFontSize": "50%",
          "prefix": "",
          "prefixFontSize": "100%",
          "span": 6,
          "sparkline": {
            "fillColor": "rgba(31, 118, 189, 0.18)",
            "full": false,
            "lineColor": "rgb(31, 120, 193)",
            "show": false
          },
          "targets": [
            {
              "dsType": "influxdb",
              "groupBy": [
                {
                  "params": [
                    "$interval"
                  ],
                  "type": "time"
                }
              ],
              "measurement": "bgp_stats_exec",
              "query": "SELECT sum(\"failedPeers\") FROM \"bgp_stats_exec\" WHERE time > now() - 10s GROUP BY time(1m)",
              "refId": "A",
              "resultFormat": "time_series",
              "select": [
                [
                  {
                    "params": [
                      "failedPeers"
                    ],
                    "type": "field"
                  },
                  {
                    "params": [],
                    "type": "sum"
                  }
                ]
              ],
              "tags": []
            }
          ],
          "thresholds": "0,1,2",
          "title": "FABRIC WIDE NON-ESTABLISHED BGP INTERFACES",
          "type": "singlestat",
          "valueFontSize": "200%",
          "valueMaps": [
            {
              "op": "=",
              "text": "N/A",
              "value": "null"
            }
          ],
          "valueName": "current"
        },
        {
          "aliasColors": {},
          "bars": true,
          "datasource": null,
          "decimals": 0,
          "editable": true,
          "error": false,
          "fill": 1,
          "grid": {
            "leftLogBase": 1,
            "leftMax": null,
            "leftMin": null,
            "rightLogBase": 1,
            "rightMax": null,
            "rightMin": null,
            "threshold1": null,
            "threshold1Color": "rgba(216, 200, 27, 0.27)",
            "threshold2": null,
            "threshold2Color": "rgba(234, 112, 112, 0.22)"
          },
          "id": 2,
          "isNew": true,
          "leftYAxisLabel": "Number of Non Established Peers / Switch",
          "legend": {
            "avg": false,
            "current": false,
            "hideEmpty": false,
            "hideZero": true,
            "max": false,
            "min": false,
            "show": true,
            "total": false,
            "values": false
          },
          "lines": false,
          "linewidth": 2,
          "links": [],
          "nullPointMode": "connected",
          "percentage": false,
          "pointradius": 5,
          "points": false,
          "renderer": "flot",
          "seriesOverrides": [],
          "span": 6,
          "stack": false,
          "steppedLine": false,
          "targets": [
            {
              "alias": "$tag_host",
              "dsType": "influxdb",
              "groupBy": [
                {
                  "params": [
                    "10s"
                  ],
                  "type": "time"
                },
                {
                  "params": [
                    "host"
                  ],
                  "type": "tag"
                },
                {
                  "params": [
                    "null"
                  ],
                  "type": "fill"
                }
              ],
              "measurement": "bgp_stats_exec",
              "query": "SELECT max(\"failedPeers\") FROM \"bgp_stats_exec\" WHERE $timeFilter GROUP BY time(10s), \"host\" fill(null)",
              "rawQuery": false,
              "refId": "A",
              "resultFormat": "time_series",
              "select": [
                [
                  {
                    "params": [
                      "failedPeers"
                    ],
                    "type": "field"
                  },
                  {
                    "params": [],
                    "type": "max"
                  }
                ]
              ],
              "tags": []
            }
          ],
          "timeFrom": null,
          "timeShift": null,
          "title": "Fabric Wide BGP Peer Failure Identifier",
          "tooltip": {
            "shared": true,
            "value_type": "cumulative"
          },
          "type": "graph",
          "x-axis": true,
          "y-axis": true,
          "y_formats": [
            "short",
            "short"
          ]
        }
      ],
      "showTitle": true,
      "title": "Fabric Wide BGP Failure Detection"
    },
    {
      "collapse": false,
      "editable": true,
      "height": "40px",
      "panels": [
        {
          "content": "### NETWORK LATENCY\n\nRuns _fping_ between switches to detect network latency between switches. Just provides a rough estimate.\n\nIf this value goes above 1 millisecond on average and CPU Idle Time remains high on all switches\nthen it could be a network issue.\n\nShow CPU Idle time that is below 40%. So Fabric Wide CPU Graph should be blank for the most part.",
          "editable": true,
          "error": false,
          "id": 6,
          "isNew": true,
          "links": [],
          "mode": "markdown",
          "span": 12,
          "style": {},
          "title": "",
          "type": "text"
        }
      ],
      "title": "NETWORK LATENCY HELP"
    },
    {
      "collapse": false,
      "editable": true,
      "height": "250px",
      "panels": [
        {
          "cacheTimeout": null,
          "colorBackground": false,
          "colorValue": true,
          "colors": [
            "rgba(207, 225, 206, 0.9)",
            "rgba(237, 129, 40, 0.89)",
            "rgba(245, 54, 54, 0.9)"
          ],
          "datasource": null,
          "editable": true,
          "error": false,
          "format": "Âµs",
          "id": 5,
          "interval": null,
          "isNew": true,
          "links": [],
          "maxDataPoints": 100,
          "nullPointMode": "connected",
          "nullText": null,
          "postfix": "",
          "postfixFontSize": "50%",
          "prefix": "",
          "prefixFontSize": "100%",
          "span": 4,
          "sparkline": {
            "fillColor": "rgba(31, 118, 189, 0.18)",
            "full": false,
            "lineColor": "rgb(31, 120, 193)",
            "show": false
          },
          "targets": [
            {
              "dsType": "influxdb",
              "groupBy": [
                {
                  "params": [
                    "$interval"
                  ],
                  "type": "time"
                },
                {
                  "params": [
                    "null"
                  ],
                  "type": "fill"
                }
              ],
              "measurement": "network_latency",
              "query": "SELECT mean(\"avg\") FROM \"network_latency\" WHERE $timeFilter GROUP BY time($interval) fill(null)",
              "refId": "A",
              "resultFormat": "time_series",
              "select": [
                [
                  {
                    "params": [
                      "avg"
                    ],
                    "type": "field"
                  },
                  {
                    "params": [],
                    "type": "mean"
                  }
                ]
              ],
              "tags": []
            }
          ],
          "thresholds": "0,1000,2000",
          "title": "AVERAGE FABRIC WIDE NETWORK LATENCY",
          "type": "singlestat",
          "valueFontSize": "150%",
          "valueMaps": [
            {
              "op": "=",
              "text": "N/A",
              "value": "null"
            }
          ],
          "valueName": "current"
        },
        {
          "aliasColors": {},
          "bars": false,
          "datasource": null,
          "editable": true,
          "error": false,
          "fill": 1,
          "grid": {
            "leftLogBase": 1,
            "leftMax": null,
            "leftMin": null,
            "rightLogBase": 1,
            "rightMax": null,
            "rightMin": null,
            "threshold1": null,
            "threshold1Color": "rgba(216, 200, 27, 0.27)",
            "threshold2": null,
            "threshold2Color": "rgba(234, 112, 112, 0.22)"
          },
          "id": 4,
          "isNew": true,
          "leftYAxisLabel": "",
          "legend": {
            "avg": false,
            "current": false,
            "max": false,
            "min": false,
            "show": true,
            "total": false,
            "values": false
          },
          "lines": true,
          "linewidth": 2,
          "links": [],
          "nullPointMode": "connected",
          "percentage": false,
          "pointradius": 5,
          "points": false,
          "renderer": "flot",
          "seriesOverrides": [],
          "span": 4,
          "stack": false,
          "steppedLine": false,
          "targets": [
            {
              "alias": "$tag_host",
              "dsType": "influxdb",
              "groupBy": [
                {
                  "params": [
                    "$interval"
                  ],
                  "type": "time"
                },
                {
                  "params": [
                    "host"
                  ],
                  "type": "tag"
                },
                {
                  "params": [
                    "null"
                  ],
                  "type": "fill"
                }
              ],
              "measurement": "network_latency",
              "query": "SELECT mean(\"avg\") AS \"avg\" FROM \"network_latency\" WHERE $timeFilter GROUP BY time($interval), \"host\" fill(null)",
              "refId": "A",
              "resultFormat": "time_series",
              "select": [
                [
                  {
                    "params": [
                      "avg"
                    ],
                    "type": "field"
                  },
                  {
                    "params": [],
                    "type": "mean"
                  },
                  {
                    "params": [
                      "avg"
                    ],
                    "type": "alias"
                  }
                ]
              ],
              "tags": []
            }
          ],
          "timeFrom": null,
          "timeShift": null,
          "title": "AVERAGE NETWORK LATENCY / SWITCH",
          "tooltip": {
            "shared": true,
            "value_type": "cumulative"
          },
          "type": "graph",
          "x-axis": true,
          "y-axis": true,
          "y_formats": [
            "Âµs",
            "short"
          ]
        },
        {
          "aliasColors": {},
          "bars": false,
          "datasource": null,
          "editable": true,
          "error": false,
          "fill": 0,
          "grid": {
            "leftLogBase": 1,
            "leftMax": 40,
            "leftMin": 0,
            "rightLogBase": 1,
            "rightMax": null,
            "rightMin": null,
            "threshold1": null,
            "threshold1Color": "rgba(216, 200, 27, 0.27)",
            "threshold2": null,
            "threshold2Color": "rgba(234, 112, 112, 0.22)"
          },
          "id": 7,
          "isNew": true,
          "legend": {
            "avg": false,
            "current": false,
            "max": false,
            "min": false,
            "show": false,
            "total": false,
            "values": false
          },
          "lines": true,
          "linewidth": 2,
          "links": [],
          "nullPointMode": "connected",
          "percentage": false,
          "pointradius": 5,
          "points": false,
          "renderer": "flot",
          "seriesOverrides": [],
          "span": 4,
          "stack": false,
          "steppedLine": false,
          "targets": [
            {
              "dsType": "influxdb",
              "groupBy": [
                {
                  "params": [
                    "$interval"
                  ],
                  "type": "time"
                },
                {
                  "params": [
                    "host"
                  ],
                  "type": "tag"
                },
                {
                  "params": [
                    "null"
                  ],
                  "type": "fill"
                }
              ],
              "measurement": "cpu",
              "query": "SELECT mean(\"usage_idle\") FROM \"cpu\" WHERE $timeFilter GROUP BY time($interval), \"host\" fill(null)",
              "refId": "A",
              "resultFormat": "time_series",
              "select": [
                [
                  {
                    "params": [
                      "usage_idle"
                    ],
                    "type": "field"
                  },
                  {
                    "params": [],
                    "type": "mean"
                  }
                ]
              ],
              "tags": []
            }
          ],
          "timeFrom": null,
          "timeShift": null,
          "title": "Fabric Wide CPU Idle Usage",
          "tooltip": {
            "shared": true,
            "value_type": "cumulative"
          },
          "type": "graph",
          "x-axis": true,
          "y-axis": true,
          "y_formats": [
            "percent",
            "short"
          ]
        }
      ],
      "title": "NETWORK LATENCY"
    }
  ],
  "time": {
    "from": "now-5m",
    "to": "now"
  },
  "timepicker": {
    "now": true,
    "refresh_intervals": [
      "5s",
      "10s",
      "30s",
      "1m",
      "5m",
      "15m",
      "30m",
      "1h",
      "2h",
      "1d"
    ],
    "time_options": [
      "5m",
      "15m",
      "1h",
      "6h",
      "12h",
      "24h",
      "2d",
      "7d",
      "30d"
    ]
  },
  "templating": {
    "list": []
  },
  "annotations": {
    "list": []
  },
  "refresh": "10s",
  "schemaVersion": 8,
  "version": 1,
  "links": []
}}