{
  "overwrite": true,
  "dashboard":
{
  "id": null,
  "title": "Single Switch DashBoard",
  "originalTitle": "Single Switch DashBoard",
  "tags": [],
  "style": "dark",
  "timezone": "browser",
  "editable": true,
  "hideControls": false,
  "sharedCrosshair": true,
  "rows": [
    {
      "collapse": false,
      "editable": true,
      "height": "150px",
      "panels": [
        {
          "cacheTimeout": null,
          "colorBackground": true,
          "colorValue": false,
          "colors": [
            "rgba(35, 34, 34, 0.46)",
            "rgba(237, 129, 40, 0.89)",
            "rgba(50, 172, 45, 0.97)"
          ],
          "datasource": null,
          "editable": true,
          "error": false,
          "format": "none",
          "id": 8,
          "interval": null,
          "isNew": true,
          "links": [],
          "maxDataPoints": 100,
          "nullPointMode": "connected",
          "nullText": null,
          "postfix": "",
          "postfixFontSize": "50%",
          "prefix": "",
          "prefixFontSize": "100%",
          "span": 6,
          "sparkline": {
            "fillColor": "rgba(31, 118, 189, 0.18)",
            "full": false,
            "lineColor": "rgb(31, 120, 193)",
            "show": false
          },
          "targets": [
            {
              "dsType": "influxdb",
              "groupBy": [
                {
                  "params": [
                    "$interval"
                  ],
                  "type": "time"
                },
                {
                  "params": [
                    "null"
                  ],
                  "type": "fill"
                }
              ],
              "measurement": "bgp_stats_exec",
              "query": "SELECT max(\"totalPeers\") FROM \"bgp_stats_exec\" WHERE \"host\" =~ /$switchname$/ AND $timeFilter GROUP BY time($interval) fill(null)",
              "refId": "A",
              "resultFormat": "time_series",
              "select": [
                [
                  {
                    "params": [
                      "totalPeers"
                    ],
                    "type": "field"
                  },
                  {
                    "params": [],
                    "type": "max"
                  }
                ]
              ],
              "tags": [
                {
                  "key": "host",
                  "operator": "=~",
                  "value": "/$switchname$/"
                }
              ]
            }
          ],
          "thresholds": "",
          "title": "TOTAL BGP PEER COUNT",
          "type": "singlestat",
          "valueFontSize": "200%",
          "valueMaps": [
            {
              "op": "=",
              "text": "N/A",
              "value": "null"
            }
          ],
          "valueName": "current"
        },
        {
          "cacheTimeout": null,
          "colorBackground": true,
          "colorValue": false,
          "colors": [
            "rgba(68, 69, 68, 0.46)",
            "rgba(228, 127, 40, 0.89)",
            "rgba(241, 37, 37, 0.9)"
          ],
          "datasource": null,
          "editable": true,
          "error": false,
          "format": "none",
          "id": 9,
          "interval": null,
          "isNew": true,
          "links": [
            {
              "type": "dashboard"
            }
          ],
          "maxDataPoints": 100,
          "nullPointMode": "connected",
          "nullText": null,
          "postfix": "",
          "postfixFontSize": "50%",
          "prefix": "",
          "prefixFontSize": "100%",
          "span": 6,
          "sparkline": {
            "fillColor": "rgba(63, 126, 178, 0.18)",
            "full": false,
            "lineColor": "rgb(31, 120, 193)",
            "show": false
          },
          "targets": [
            {
              "dsType": "influxdb",
              "groupBy": [
                {
                  "params": [
                    "$interval"
                  ],
                  "type": "time"
                },
                {
                  "params": [
                    "null"
                  ],
                  "type": "fill"
                }
              ],
              "measurement": "bgp_stats_exec",
              "query": "SELECT max(\"failedPeers\") FROM \"bgp_stats_exec\" WHERE \"host\" =~ /$switchname$/ AND $timeFilter GROUP BY time($interval) fill(null)",
              "refId": "A",
              "resultFormat": "time_series",
              "select": [
                [
                  {
                    "params": [
                      "failedPeers"
                    ],
                    "type": "field"
                  },
                  {
                    "params": [],
                    "type": "max"
                  }
                ]
              ],
              "tags": [
                {
                  "key": "host",
                  "operator": "=~",
                  "value": "/$switchname$/"
                }
              ]
            }
          ],
          "thresholds": "0,1,2",
          "title": "NON-ESTABLISHED BGP PEERS",
          "type": "singlestat",
          "valueFontSize": "200%",
          "valueMaps": [
            {
              "op": "=",
              "text": "N/A",
              "value": "null"
            }
          ],
          "valueName": "current"
        }
      ],
      "showTitle": true,
      "title": "Routing Stats - $switchname"
    },
    {
      "collapse": false,
      "editable": true,
      "height": "250px",
      "panels": [
        {
          "cacheTimeout": null,
          "colorBackground": false,
          "colorValue": false,
          "colors": [
            "rgba(245, 54, 54, 0.9)",
            "rgba(237, 129, 40, 0.89)",
            "rgba(50, 172, 45, 0.97)"
          ],
          "datasource": "influx",
          "editable": true,
          "error": false,
          "format": "bps",
          "hideTimeOverride": false,
          "id": 5,
          "interval": "",
          "isNew": true,
          "links": [],
          "maxDataPoints": 100,
          "nullPointMode": "connected",
          "nullText": null,
          "postfix": "",
          "postfixFontSize": "50%",
          "prefix": "",
          "prefixFontSize": "50%",
          "span": 6,
          "sparkline": {
            "fillColor": "rgba(31, 118, 189, 0.18)",
            "full": false,
            "lineColor": "rgb(31, 120, 193)",
            "show": true
          },
          "targets": [
            {
              "alias": "",
              "dsType": "influxdb",
              "groupBy": [
                {
                  "params": [
                    "10s"
                  ],
                  "type": "time"
                },
                {
                  "params": [
                    "null"
                  ],
                  "type": "fill"
                }
              ],
              "measurement": "net",
              "query": "SELECT non_negative_derivative(sum(\"bytes_recv\"), 10s) FROM \"net\" WHERE \"host\" =~ /$switchname$/ AND $timeFilter GROUP BY time(10s) fill(null)",
              "refId": "A",
              "resultFormat": "time_series",
              "select": [
                [
                  {
                    "params": [
                      "bytes_recv"
                    ],
                    "type": "field"
                  },
                  {
                    "params": [],
                    "type": "sum"
                  },
                  {
                    "params": [
                      "10s"
                    ],
                    "type": "non_negative_derivative"
                  }
                ]
              ],
              "tags": [
                {
                  "key": "host",
                  "operator": "=~",
                  "value": "/$switchname$/"
                }
              ]
            }
          ],
          "thresholds": "",
          "timeFrom": null,
          "timeShift": null,
          "title": "Total Switch Bandwidth",
          "type": "singlestat",
          "valueFontSize": "80%",
          "valueMaps": [
            {
              "op": "=",
              "text": "< 1kpbs",
              "value": "null"
            }
          ],
          "valueName": "current"
        },
        {
          "aliasColors": {},
          "bars": false,
          "datasource": "influx",
          "editable": true,
          "error": false,
          "fill": 1,
          "grid": {
            "leftLogBase": 1,
            "leftMax": null,
            "leftMin": null,
            "rightLogBase": 1,
            "rightMax": null,
            "rightMin": null,
            "threshold1": null,
            "threshold1Color": "rgba(216, 200, 27, 0.27)",
            "threshold2": null,
            "threshold2Color": "rgba(234, 112, 112, 0.22)"
          },
          "id": 6,
          "isNew": true,
          "legend": {
            "avg": false,
            "current": false,
            "max": false,
            "min": false,
            "show": true,
            "total": false,
            "values": false
          },
          "lines": true,
          "linewidth": 2,
          "links": [],
          "nullPointMode": "connected",
          "percentage": false,
          "pointradius": 5,
          "points": false,
          "renderer": "flot",
          "seriesOverrides": [],
          "span": 6,
          "stack": false,
          "steppedLine": false,
          "targets": [
            {
              "alias": "$tag_interface",
              "dsType": "influxdb",
              "groupBy": [
                {
                  "params": [
                    "10s"
                  ],
                  "type": "time"
                },
                {
                  "params": [
                    "interface"
                  ],
                  "type": "tag"
                },
                {
                  "params": [
                    "null"
                  ],
                  "type": "fill"
                }
              ],
              "measurement": "net",
              "query": "SELECT non_negative_derivative(mean(\"bytes_recv\"), 10s) FROM \"net\" WHERE \"host\" =~ /$switchname$/ AND $timeFilter GROUP BY time(10s), \"interface\" fill(null)",
              "refId": "A",
              "resultFormat": "time_series",
              "select": [
                [
                  {
                    "params": [
                      "bytes_recv"
                    ],
                    "type": "field"
                  },
                  {
                    "params": [],
                    "type": "mean"
                  },
                  {
                    "params": [
                      "10s"
                    ],
                    "type": "non_negative_derivative"
                  }
                ]
              ],
              "tags": [
                {
                  "key": "host",
                  "operator": "=~",
                  "value": "/$switchname$/"
                }
              ]
            }
          ],
          "timeFrom": null,
          "timeShift": null,
          "title": "Rcv Bandwidth Per Interface",
          "tooltip": {
            "shared": true,
            "value_type": "cumulative"
          },
          "type": "graph",
          "x-axis": true,
          "y-axis": true,
          "y_formats": [
            "bps",
            "short"
          ]
        }
      ],
      "showTitle": true,
      "title": "Switch Wide Interface Stats - $switchname"
    },
    {
      "collapse": false,
      "editable": true,
      "height": "250px",
      "panels": [
        {
          "aliasColors": {},
          "bars": false,
          "datasource": "influx",
          "editable": true,
          "error": false,
          "fill": 1,
          "grid": {
            "leftLogBase": 1,
            "leftMax": null,
            "leftMin": null,
            "rightLogBase": 1,
            "rightMax": null,
            "rightMin": null,
            "threshold1": null,
            "threshold1Color": "rgba(216, 200, 27, 0.27)",
            "threshold2": null,
            "threshold2Color": "rgba(234, 112, 112, 0.22)"
          },
          "id": 7,
          "isNew": true,
          "leftYAxisLabel": "Tx/Rx Bandwidth",
          "legend": {
            "avg": false,
            "current": false,
            "max": false,
            "min": false,
            "show": true,
            "total": false,
            "values": false
          },
          "lines": true,
          "linewidth": 2,
          "links": [],
          "nullPointMode": "connected",
          "percentage": false,
          "pointradius": 5,
          "points": false,
          "renderer": "flot",
          "repeat": "ifacename",
          "rightYAxisLabel": "Errors Packets/Sec",
          "scopedVars": {
            "ifacename": {
              "text": "eth0",
              "value": "eth0",
              "selected": true
            }
          },
          "seriesOverrides": [],
          "span": 12,
          "stack": false,
          "steppedLine": false,
          "targets": [
            {
              "alias": "Rx Bandwidth - $ifacename",
              "dsType": "influxdb",
              "groupBy": [
                {
                  "params": [
                    "10s"
                  ],
                  "type": "time"
                },
                {
                  "params": [
                    "null"
                  ],
                  "type": "fill"
                }
              ],
              "measurement": "net",
              "query": "SELECT non_negative_derivative(mean(\"bytes_recv\"), 10s) FROM \"net\" WHERE \"host\" =~ /$switchname$/ AND \"interface\" =~ /$ifacename$/ AND $timeFilter GROUP BY time(10s) fill(null)",
              "refId": "A",
              "resultFormat": "time_series",
              "select": [
                [
                  {
                    "params": [
                      "bytes_recv"
                    ],
                    "type": "field"
                  },
                  {
                    "params": [],
                    "type": "mean"
                  },
                  {
                    "params": [
                      "10s"
                    ],
                    "type": "non_negative_derivative"
                  }
                ]
              ],
              "tags": [
                {
                  "key": "host",
                  "operator": "=~",
                  "value": "/$switchname$/"
                },
                {
                  "condition": "AND",
                  "key": "interface",
                  "operator": "=~",
                  "value": "/$ifacename$/"
                }
              ]
            },
            {
              "alias": "Tx Bandwidth - $ifacename",
              "dsType": "influxdb",
              "groupBy": [
                {
                  "params": [
                    "10s"
                  ],
                  "type": "time"
                },
                {
                  "params": [
                    "null"
                  ],
                  "type": "fill"
                }
              ],
              "measurement": "net",
              "query": "SELECT non_negative_derivative(mean(\"bytes_sent\"), 10s) FROM \"net\" WHERE \"host\" =~ /$switchname$/ AND \"interface\" =~ /$ifacename$/ AND $timeFilter GROUP BY time(10s) fill(null)",
              "refId": "B",
              "resultFormat": "time_series",
              "select": [
                [
                  {
                    "params": [
                      "bytes_sent"
                    ],
                    "type": "field"
                  },
                  {
                    "params": [],
                    "type": "mean"
                  },
                  {
                    "params": [
                      "10s"
                    ],
                    "type": "non_negative_derivative"
                  }
                ]
              ],
              "tags": [
                {
                  "key": "host",
                  "operator": "=~",
                  "value": "/$switchname$/"
                },
                {
                  "condition": "AND",
                  "key": "interface",
                  "operator": "=~",
                  "value": "/$ifacename$/"
                }
              ]
            },
            {
              "alias": "Total Rx Error Rate - $ifacename",
              "dsType": "influxdb",
              "groupBy": [
                {
                  "params": [
                    "10s"
                  ],
                  "type": "time"
                },
                {
                  "params": [
                    "null"
                  ],
                  "type": "fill"
                }
              ],
              "measurement": "net",
              "query": "SELECT non_negative_derivative(mean(\"err_in\"), 10s) FROM \"net\" WHERE \"host\" =~ /$switchname$/ AND \"interface\" =~ /$ifacename$/ AND $timeFilter GROUP BY time(10s) fill(null)",
              "refId": "C",
              "resultFormat": "time_series",
              "select": [
                [
                  {
                    "params": [
                      "err_in"
                    ],
                    "type": "field"
                  },
                  {
                    "params": [],
                    "type": "mean"
                  },
                  {
                    "params": [
                      "10s"
                    ],
                    "type": "non_negative_derivative"
                  }
                ]
              ],
              "tags": [
                {
                  "key": "host",
                  "operator": "=~",
                  "value": "/$switchname$/"
                },
                {
                  "condition": "AND",
                  "key": "interface",
                  "operator": "=~",
                  "value": "/$ifacename$/"
                }
              ]
            },
            {
              "alias": "Total  Tx Errors Rate - $ifacename",
              "dsType": "influxdb",
              "groupBy": [
                {
                  "params": [
                    "10s"
                  ],
                  "type": "time"
                },
                {
                  "params": [
                    "null"
                  ],
                  "type": "fill"
                }
              ],
              "measurement": "net",
              "query": "SELECT non_negative_derivative(mean(\"err_out\"), 10s) FROM \"net\" WHERE \"host\" =~ /$switchname$/ AND \"interface\" =~ /$ifacename$/ AND $timeFilter GROUP BY time(10s) fill(null)",
              "refId": "D",
              "resultFormat": "time_series",
              "select": [
                [
                  {
                    "params": [
                      "err_out"
                    ],
                    "type": "field"
                  },
                  {
                    "params": [],
                    "type": "mean"
                  },
                  {
                    "params": [
                      "10s"
                    ],
                    "type": "non_negative_derivative"
                  }
                ]
              ],
              "tags": [
                {
                  "key": "host",
                  "operator": "=~",
                  "value": "/$switchname$/"
                },
                {
                  "condition": "AND",
                  "key": "interface",
                  "operator": "=~",
                  "value": "/$ifacename$/"
                }
              ]
            }
          ],
          "timeFrom": null,
          "timeShift": null,
          "title": "Single Interface Stats - $ifacename",
          "tooltip": {
            "shared": true,
            "value_type": "cumulative"
          },
          "type": "graph",
          "x-axis": true,
          "y-axis": true,
          "y_formats": [
            "bps",
            "pps"
          ]
        }
      ],
      "showTitle": false,
      "title": "Single Interface Stats - $switchname"
    },
    {
      "collapse": false,
      "editable": true,
      "height": "250px",
      "panels": [
        {
          "cacheTimeout": null,
          "colorBackground": false,
          "colorValue": true,
          "colors": [
            "rgba(251, 251, 251, 0.89)",
            "rgba(237, 129, 40, 0.89)",
            "rgba(245, 54, 54, 0.9)"
          ],
          "datasource": null,
          "editable": true,
          "error": false,
          "format": "Âµs",
          "id": 11,
          "interval": null,
          "isNew": true,
          "links": [],
          "maxDataPoints": 100,
          "nullPointMode": "connected",
          "nullText": null,
          "postfix": "",
          "postfixFontSize": "50%",
          "prefix": "",
          "prefixFontSize": "50%",
          "span": 4,
          "sparkline": {
            "fillColor": "rgba(31, 118, 189, 0.18)",
            "full": false,
            "lineColor": "rgb(31, 120, 193)",
            "show": false
          },
          "targets": [
            {
              "dsType": "influxdb",
              "groupBy": [
                {
                  "params": [
                    "$interval"
                  ],
                  "type": "time"
                },
                {
                  "params": [
                    "null"
                  ],
                  "type": "fill"
                }
              ],
              "measurement": "network_latency",
              "query": "SELECT mean(\"avg\") FROM \"network_latency\" WHERE $timeFilter GROUP BY time($interval) fill(null)",
              "refId": "A",
              "resultFormat": "time_series",
              "select": [
                [
                  {
                    "params": [
                      "avg"
                    ],
                    "type": "field"
                  },
                  {
                    "params": [],
                    "type": "mean"
                  }
                ]
              ],
              "tags": []
            }
          ],
          "thresholds": "0,1000,2000",
          "title": "AVERAGE NETWORK LATENCY",
          "type": "singlestat",
          "valueFontSize": "150%",
          "valueMaps": [
            {
              "op": "=",
              "text": "N/A",
              "value": "null"
            }
          ],
          "valueName": "current"
        },
        {
          "aliasColors": {},
          "bars": false,
          "datasource": null,
          "editable": true,
          "error": false,
          "fill": 1,
          "grid": {
            "leftLogBase": 1,
            "leftMax": null,
            "leftMin": null,
            "rightLogBase": 1,
            "rightMax": null,
            "rightMin": null,
            "threshold1": null,
            "threshold1Color": "rgba(216, 200, 27, 0.27)",
            "threshold2": null,
            "threshold2Color": "rgba(234, 112, 112, 0.22)"
          },
          "id": 10,
          "isNew": true,
          "legend": {
            "avg": false,
            "current": false,
            "max": false,
            "min": false,
            "show": true,
            "total": false,
            "values": false
          },
          "lines": true,
          "linewidth": 2,
          "links": [],
          "nullPointMode": "connected",
          "percentage": false,
          "pointradius": 5,
          "points": false,
          "renderer": "flot",
          "seriesOverrides": [],
          "span": 8,
          "stack": false,
          "steppedLine": false,
          "targets": [
            {
              "alias": "$col-$tag_neighbor",
              "dsType": "influxdb",
              "groupBy": [
                {
                  "params": [
                    "$interval"
                  ],
                  "type": "time"
                },
                {
                  "params": [
                    "neighbor"
                  ],
                  "type": "tag"
                },
                {
                  "params": [
                    "null"
                  ],
                  "type": "fill"
                }
              ],
              "measurement": "network_latency",
              "query": "SELECT mean(\"avg\") AS \"avg\", mean(\"max\") AS \"max\", mean(\"min\") AS \"min\" FROM \"network_latency\" WHERE \"host\" =~ /$switchname$/ AND $timeFilter GROUP BY time($interval), \"neighbor\" fill(null)",
              "refId": "A",
              "resultFormat": "time_series",
              "select": [
                [
                  {
                    "params": [
                      "avg"
                    ],
                    "type": "field"
                  },
                  {
                    "params": [],
                    "type": "mean"
                  },
                  {
                    "params": [
                      "avg"
                    ],
                    "type": "alias"
                  }
                ],
                [
                  {
                    "params": [
                      "max"
                    ],
                    "type": "field"
                  },
                  {
                    "params": [],
                    "type": "mean"
                  },
                  {
                    "params": [
                      "max"
                    ],
                    "type": "alias"
                  }
                ],
                [
                  {
                    "params": [
                      "min"
                    ],
                    "type": "field"
                  },
                  {
                    "params": [],
                    "type": "mean"
                  },
                  {
                    "params": [
                      "min"
                    ],
                    "type": "alias"
                  }
                ]
              ],
              "tags": [
                {
                  "key": "host",
                  "operator": "=~",
                  "value": "/$switchname$/"
                }
              ]
            }
          ],
          "timeFrom": null,
          "timeShift": null,
          "title": "Network Latency Between Peers",
          "tooltip": {
            "shared": true,
            "value_type": "cumulative"
          },
          "type": "graph",
          "x-axis": true,
          "y-axis": true,
          "y_formats": [
            "Âµs",
            "short"
          ]
        }
      ],
      "title": "Network Latency on  $switchname"
    },
    {
      "collapse": false,
      "editable": true,
      "height": "250px",
      "panels": [
        {
          "aliasColors": {},
          "bars": false,
          "datasource": "influx",
          "editable": true,
          "error": false,
          "fill": 1,
          "grid": {
            "leftLogBase": 2,
            "leftMax": 100,
            "leftMin": null,
            "rightLogBase": 1,
            "rightMax": null,
            "rightMin": null,
            "threshold1": 5,
            "threshold1Color": "rgba(216, 200, 27, 0.27)",
            "threshold2": null,
            "threshold2Color": "rgba(234, 112, 112, 0.22)",
            "thresholdLine": true
          },
          "id": 1,
          "isNew": true,
          "legend": {
            "avg": false,
            "current": false,
            "max": false,
            "min": false,
            "show": true,
            "total": false,
            "values": false
          },
          "lines": true,
          "linewidth": 2,
          "links": [],
          "nullPointMode": "connected",
          "percentage": false,
          "pointradius": 5,
          "points": false,
          "renderer": "flot",
          "seriesOverrides": [],
          "span": 4,
          "stack": false,
          "steppedLine": false,
          "targets": [
            {
              "dsType": "influxdb",
              "groupBy": [
                {
                  "params": [
                    "$interval"
                  ],
                  "type": "time"
                },
                {
                  "params": [
                    "null"
                  ],
                  "type": "fill"
                }
              ],
              "measurement": "cpu",
              "query": "SELECT mean(\"usage_idle\") FROM \"cpu\" WHERE \"host\" =~ /$switchname$/ AND $timeFilter GROUP BY time($interval) fill(null)",
              "refId": "A",
              "resultFormat": "time_series",
              "select": [
                [
                  {
                    "params": [
                      "usage_idle"
                    ],
                    "type": "field"
                  },
                  {
                    "params": [],
                    "type": "mean"
                  }
                ]
              ],
              "tags": [
                {
                  "key": "host",
                  "operator": "=~",
                  "value": "/$switchname$/"
                }
              ]
            }
          ],
          "timeFrom": null,
          "timeShift": null,
          "title": "CPU Idle Time",
          "tooltip": {
            "shared": true,
            "value_type": "cumulative"
          },
          "type": "graph",
          "x-axis": true,
          "y-axis": true,
          "y_formats": [
            "percent",
            "short"
          ]
        },
        {
          "aliasColors": {},
          "bars": false,
          "datasource": "influx",
          "editable": true,
          "error": false,
          "fill": 1,
          "grid": {
            "leftLogBase": 32,
            "leftMax": null,
            "leftMin": null,
            "rightLogBase": 1,
            "rightMax": null,
            "rightMin": null,
            "threshold1": 2000000,
            "threshold1Color": "rgba(216, 200, 27, 0.27)",
            "threshold2": null,
            "threshold2Color": "rgba(234, 112, 112, 0.22)",
            "thresholdLine": true
          },
          "id": 2,
          "isNew": true,
          "legend": {
            "alignAsTable": false,
            "avg": false,
            "current": false,
            "max": false,
            "min": false,
            "show": true,
            "total": true,
            "values": true
          },
          "lines": true,
          "linewidth": 2,
          "links": [],
          "nullPointMode": "connected",
          "percentage": false,
          "pointradius": 5,
          "points": false,
          "renderer": "flot",
          "seriesOverrides": [],
          "span": 4,
          "stack": false,
          "steppedLine": false,
          "targets": [
            {
              "dsType": "influxdb",
              "groupBy": [
                {
                  "params": [
                    "$interval"
                  ],
                  "type": "time"
                },
                {
                  "params": [
                    "null"
                  ],
                  "type": "fill"
                }
              ],
              "measurement": "mem",
              "query": "SELECT mean(\"available\") FROM \"mem\" WHERE \"host\" =~ /$switchname$/ AND $timeFilter GROUP BY time($interval) fill(null)",
              "refId": "A",
              "resultFormat": "time_series",
              "select": [
                [
                  {
                    "params": [
                      "available"
                    ],
                    "type": "field"
                  },
                  {
                    "params": [],
                    "type": "mean"
                  }
                ]
              ],
              "tags": [
                {
                  "key": "host",
                  "operator": "=~",
                  "value": "/$switchname$/"
                }
              ]
            }
          ],
          "timeFrom": null,
          "timeShift": null,
          "title": "Available Memory",
          "tooltip": {
            "shared": true,
            "value_type": "cumulative"
          },
          "type": "graph",
          "x-axis": true,
          "y-axis": true,
          "y_formats": [
            "bytes",
            "short"
          ]
        },
        {
          "aliasColors": {},
          "bars": false,
          "datasource": "influx",
          "editable": true,
          "error": false,
          "fill": 1,
          "grid": {
            "leftLogBase": 32,
            "leftMax": null,
            "leftMin": null,
            "rightLogBase": 1,
            "rightMax": null,
            "rightMin": null,
            "threshold1": 2000000,
            "threshold1Color": "rgba(216, 200, 27, 0.27)",
            "threshold2": null,
            "threshold2Color": "rgba(234, 112, 112, 0.22)",
            "thresholdLine": true
          },
          "id": 3,
          "isNew": true,
          "legend": {
            "avg": false,
            "current": false,
            "max": false,
            "min": false,
            "show": true,
            "total": false,
            "values": false
          },
          "lines": true,
          "linewidth": 2,
          "links": [],
          "nullPointMode": "connected",
          "percentage": false,
          "pointradius": 5,
          "points": false,
          "renderer": "flot",
          "seriesOverrides": [],
          "span": 4,
          "stack": false,
          "steppedLine": false,
          "targets": [
            {
              "dsType": "influxdb",
              "groupBy": [
                {
                  "params": [
                    "$interval"
                  ],
                  "type": "time"
                },
                {
                  "params": [
                    "null"
                  ],
                  "type": "fill"
                }
              ],
              "measurement": "disk",
              "query": "SELECT mean(\"free\") FROM \"disk\" WHERE $timeFilter GROUP BY time($interval) fill(null)",
              "refId": "A",
              "resultFormat": "time_series",
              "select": [
                [
                  {
                    "params": [
                      "free"
                    ],
                    "type": "field"
                  },
                  {
                    "params": [],
                    "type": "mean"
                  }
                ]
              ],
              "tags": []
            }
          ],
          "timeFrom": null,
          "timeShift": null,
          "title": "Available Disk Space",
          "tooltip": {
            "shared": true,
            "value_type": "cumulative"
          },
          "type": "graph",
          "x-axis": true,
          "y-axis": true,
          "y_formats": [
            "bytes",
            "short"
          ]
        }
      ],
      "showTitle": true,
      "title": "System Stats - $switchname"
    }
  ],
  "time": {
    "from": "2016-03-30T02:13:09.668Z",
    "to": "2016-03-30T02:14:03.976Z"
  },
  "timepicker": {
    "now": true,
    "refresh_intervals": [
      "5s",
      "10s",
      "30s",
      "1m",
      "5m",
      "15m",
      "30m",
      "1h",
      "2h",
      "1d"
    ],
    "time_options": [
      "5m",
      "15m",
      "1h",
      "6h",
      "12h",
      "24h",
      "2d",
      "7d",
      "30d"
    ]
  },
  "templating": {
    "list": [
      {
        "allFormat": "regex values",
        "current": {
        },
        "datasource": null,
        "includeAll": false,
        "multi": false,
        "multiFormat": "regex values",
        "name": "switchname",
        "options": [
        ],
        "query": "show tag values with key = \"host\"",
        "refresh": true,
        "regex": "",
        "type": "query"
      },
      {
        "allFormat": "regex values",
        "current": {
          "text": "eth0",
          "value": "eth0"
        },
        "datasource": null,
        "includeAll": false,
        "multi": true,
        "multiFormat": "regex values",
        "name": "ifacename",
        "options": [
          {
            "text": "eth0",
            "value": "eth0",
            "selected": true
          },
          {
            "text": "swp1",
            "value": "swp1",
            "selected": false
          },
          {
            "text": "swp51",
            "value": "swp51",
            "selected": false
          },
          {
            "text": "swp52",
            "value": "swp52",
            "selected": false
          }
        ],
        "query": "show tag values from net with key in (\"interface\") where host =~ /$switchname/",
        "refresh": false,
        "regex": "/^(eth.*|swp.*)/",
        "type": "query"
      }
    ]
  },
  "annotations": {
    "list": []
  },
  "refresh": false,
  "schemaVersion": 8,
  "version": 1,
  "links": []
}}